{
  "display_condition": "test_2",
  "teacher_vs_true": {
    "RMSE": 32.90071181601632,
    "MAE": 3.293354347972267,
    "R2": 0.9987410192668985,
    "MAPE": 0.4133035252656176
  },
  "student_vs_true": {
    "RMSE": 112.91814275700605,
    "MAE": 102.05845843442329,
    "R2": 0.9851701776541826,
    "MAPE": 12.566696411624804
  },
  "student_vs_teacher": {
    "RMSE": 116.40294213891843,
    "MAE": 103.38124800621394,
    "R2": 0.9842815369572883,
    "MAPE": 12.835459384067859
  },
  "physics_prior_reference": {
    "RMSE": 32.18283398146683,
    "MAE": 3.1199096243654827,
    "R2": 0.9987953605946198,
    "MAPE": 0.39774193938387054
  },
  "student_parameters": 641,
  "student_rho_percent": 48.69,
  "source": "L40 direct-output no-prior distillation audit, test_2"
}