{
  "teacher_vs_true": {
    "RMSE": 29.258948487759113,
    "MAE": 2.9815490548330907,
    "R2": 0.9986225260847765
  },
  "student_vs_true": {
    "RMSE": 101.76046939279162,
    "MAE": 89.53004629055496,
    "R2": 0.9833381140267763
  },
  "student_vs_teacher": {
    "RMSE": 103.2240864443304,
    "MAE": 89.84206895850612,
    "R2": 0.98287596919688
  },
  "physics_prior_reference": {
    "RMSE": 28.85349437510644,
    "MAE": 2.8697203425215445,
    "R2": 0.9986604380936198
  },
  "student_parameters": 641,
  "student_rho_percent": 48.69,
  "source": "L40 direct-output no-prior distillation audit"
}