{
  "teacher_vs_true": {
    "RMSE": 27.845201124610973,
    "MAE": 2.2638522196519846,
    "R2": 0.9979807920278768
  },
  "student_vs_true": {
    "RMSE": 37.295156635734415,
    "MAE": 2.573309497802649,
    "R2": 0.9963776934186537
  },
  "student_vs_teacher": {
    "RMSE": 9.486901045942842,
    "MAE": 0.5540420652032934,
    "R2": 0.9997649829387979
  },
  "student_parameters": 297
}